BillingCity,BillingCountry,BillingPostalCode,BillingState,BillingStreet,CreatedById,CreatedDate,CurrencyIsoCode,Id,Industry,IsDeleted,LastActivityDate,LastModifiedById,LastModifiedDate,Merchant_Happiness__c,Name,NumberOfEmployees,OwnerId,ParentId,Phone,Rating,RecordTypeId,Type,Website,bAccountRisk__c,bActive__c,bIsPartner__c,dCRMScore__c,dCustomerScore__c,dInventoryScore__c,dKeyAccountId__c,dShopId__c,dTotalActivityScore__c,dTractionScore__c,dateDateCustomerImport__c,dateDebtCollectionInitiated__c,dateInternalUse__c,dateScall__c,dateTrialEnd__c,dateTrialStart__c,dateWidgetIn__c,dtActivationDate__c,dtCRNumberOfCustomersImported__c,dtOnboardingDate__c,plCreditworthiness__c,plCustomerDataInfo__c,plSubcategory__c,refActiveSubscription__c,strCreditScore__c,strMerchantUUID__c,object_type,urlLinkToSuccessStory__c
London,GB,E10 7DU,,464 Lea Bridge Road,005b0000004D20fAAC,2016-07-11 07:19:28,GBP,001b000003RE251AAD,Beauty,False,2016-07-27,005b0000002emPXAAY,2016-09-13 13:48:35,very unhappy,Acacia Beauty Bar,,005b0000003ZZXUAA4,001b000003MxhU1AAJ,+44 2034175190,,012b0000000DhedAAC,Customer,http://www.acaciaonline.co.uk/,True,False,False,6.33333301544,6.0,8.69121456146,49016.0,52614.0,4.66,1.82250010967,2016-07-15,,,,,,2016-07-14,2016-07-15,,2016-07-15,,Customer Import,,a2Lb00000027yv6EAA,,F7710FF0-008B-415F-8E6B-0C58810DE6B9,Account,
Aarau,CH,5000,Aargau,Kasinostrasse 19,005b00000030rqrAAA,2015-10-12 13:38:16,CHF,001b000001YZHQWAA5,Craft,False,2016-09-02,005b0000003jP7kAAE,2016-09-13 13:49:08,rather unhappy,Homekey & Bodenwerkstatt,,005b0000003jP7kAAE,,+41 764110604,AA,012b0000000DhedAAC,,www.bodenwerkstatt.ch & www.homekey.ch,False,False,False,0.189274445176,5.18000030518,9.16750049591,41971.0,45120.0,2.62595519125,0.293375402689,2015-12-10,,,2015-12-21,,,2015-11-04,2015-10-22,,,,Customer Import,,a2Lb00000004LsmEAE,,2B22A353-9354-4842-A40C-064ADE800854,Account,
Dübendorf,CH,8600,Zürich,Neugutstr. 66,005b0000001NkjjAAC,2014-06-15 10:00:00,CHF,001b000000WgL68AAF,Wellness,False,2016-09-02,005b0000003ZePVAA0,2016-09-13 13:50:05,rather unhappy,Casa Vital,,005b0000002maf5AAA,,+41 448200022,A,012b0000000DhedAAC,Customer,www.casa-vital.ch,False,False,False,7.0,8.50000095367,8.09585762024,28265.0,31089.0,8.41,9.13750076294,2014-10-13,,,2014-10-23,,,2014-12-03,2014-10-10,,2014-07-15,,Customer Import,Massage,a2Lb00000000DQjEAM,,9B373734-8A9C-451B-B22A-E427945C392A,Account,
Basel,CH,4051,,Steinenschanze 4,005b0000001PfbyAAC,2015-03-26 18:57:28,CHF,001b000000m5jOfAAI,Wellness,False,2016-07-14,005b0000003jP7BAAU,2016-09-13 13:50:55,,Beauty Rosalinda Bauer,,005b0000002maf5AAA,,+41 791048298,A,012b0000000DhedAAC,,www.rlindabeauty.ch,False,False,False,6.33333301544,7.5,7.85771417618,33417.0,36365.0,7.87,8.91250038147,,,,2016-01-13,,,2015-12-15,2015-12-10,,2016-01-05,,No Customer Data,Massage,a2Lb00000004O0GEAU,,A6FE3F4F-0375-4CD5-833F-57F4E1EBED47,Account,
Milano,IT,20129,Area Milano,Via Ausonio 6,005b0000004CtuyAAC,2016-06-20 09:39:44,EUR,001b000003ObRj6AAF,Health,False,2016-09-13,005b0000003Yw8VAAS,2016-09-13 13:51:46,rather happy,Cacioppo dr.ssa Roberta,10.0,005b00000045aF4AAI,,+39 3475311297,A,012b0000000DhedAAC,Customer,www.psicologia-milano.it,False,False,False,0.0,0.369230777025,7.14328575134,49032.0,52637.0,3.43,6.5,,,,,,,2016-09-06,,,,,No Customer Data,Psychotherapy,a2Lb00000027z0UEAQ,,67055E0B-3DF8-4413-9AF5-E6C3F3B854D6,Account,
Gütersloh,DE,33330,Raum Ruhrgebiet,Friedrich-Ebert-Str. 44,005b0000003BsBsAAK,2016-08-16 12:41:55,EUR,001b000003U0PXYAA3,Piercing & Tattoo,False,2016-09-02,005b00000030tDIAAY,2016-09-13 13:52:17,rather happy,Unique Style,,005b0000003ZiHVAA0,,052 412334551,C-AA,012b0000000DhedAAC,Customer,www.unique-style-gt.de,False,False,False,0.0,3.08000016212,6.71492862701,49239.0,53000.0,2.61,2.53333330154,,,2016-09-02,2016-09-12,,,,,,,good,No Customer Data,Tattoo,a2Lb0000002T0B0EAK,2.4,DE0E42E3-BD1F-43F8-B66E-A153ACE5558C,Account,
Fubine AL,IT,15043,,Via Pietro Longo  7,005b0000003LDKiAAO,2015-11-25 09:25:51,EUR,001b000002NHlhlAAD,Beauty,False,2016-09-12,005b0000002emPXAAY,2016-09-13 13:53:46,rather happy,Kigelia Bosy & Spirit,,005b00000045aF4AAI,,+393318379250,A,012b0000000DhedAAC,,,True,False,False,0.0,6.74000024796,9.16750049591,45578.0,48824.0,3.02405877113,0.213271617889,2016-01-29,,2015-12-14,2016-01-29,,,,2015-12-15,,2016-01-04,,Customer Import,Beauty Salon,a2Lb00000004NnVEAU,,0C80404A-6177-4320-AF4B-1A61B46D1852,Account,
Leipzig,DE,04347,Raum Leipzig,Gorkistraße 115,005b0000003BsBsAAK,2016-08-01 15:53:07,EUR,001b000003TEnnJAAT,Beauty,False,2016-09-27,005b0000003A315AAC,2016-09-13 13:53:53,,Bromand Kosmetik,,005b0000003YkPZAA0,,034 12330271,A,012b0000000DhedAAC,Customer,,False,False,False,0.0,6.0,7.97678565979,49169.0,52905.0,2.97,0.935000061989,2016-09-01,,,2016-08-29,,,2016-08-18,2016-08-10,,2016-08-12,good,,Beauty Salon,a2Lb0000002SzPfEAK,2.9,915CF978-A84B-4672-AE99-A48AC0EB1D35,Account,
Milano,IT,20124,Area Milano,Via Melchiorre Gioia 55,005b0000004CtuyAAC,2016-06-27 15:15:09,EUR,001b000003RC1qJAAT,Vehicles,False,2016-09-13,005b0000003Yw8VAAS,2016-09-13 13:55:08,rather happy,Autorimessa Rosales,,005b00000045aF4AAI,,+39 0267100313,A,012b0000000DhedAAC,Customer,,False,False,False,0.0,3.29999995232,3.91989016533,49044.0,52651.0,3.65,5.66666650772,,,,,,,2016-09-09,2016-07-19,,2016-09-01,,No Customer Data,Car Care,a2Lb00000027zClEAI,,1814AAA1-6AD8-450B-B895-F2A84E571D2A,Account,
Zürich,CH,8048,Zürich,Badenerstrasse 745,005b0000000vDNRAA2,2013-12-20 10:22:08,CHF,001b000000Q7CD3AAN,Beauty,False,,005b0000002hG2NAAU,2016-09-13 13:57:05,,Beauty & Hair,,005b0000001dUGDAA2,,+41 797189196,A,012b0000000DhedAAC,Customer,www.beautyandhair.ch,False,False,False,,,,,,,,,,,,,,,,,,,,Facial Treatment,,,,Account,
Uzwil,CH,9240,Sankt Gallen,Bahnhofstrasse 62,005b0000002PRFjAAO,2015-09-07 14:39:54,CHF,001b000001MVVZIAA5,Vehicles,False,2016-09-13,005b0000003ZePVAA0,2016-09-13 13:58:51,rather unhappy,Bahnhofgarage Uzwil,,005b0000002maf5AAA,,+41 719526020,AA,012b0000000DhedAAC,,www.bahnhofgarageuzwil.ch,False,False,False,5.0,6.0,6.05370903015,39872.0,43008.0,3.91,1.25,,,,2015-11-17,,,2015-10-27,2015-10-24,,,,No Customer Data,Car Care,a2Lb00000004Lu4EAE,,2969EDDD-D224-4B94-87EE-7D01E1DC1F19,Account,
Düsseldorf,DE,40470,,Münsterstr. 351,005b0000003a5VBAAY,2016-08-15 09:30:15,EUR,001b000003U0EoAAAV,Beauty,False,2016-09-13,005b0000003a9UlAAI,2016-09-13 14:04:15,very happy,Royal Beauty Lounge,,005b0000002m8lKAAQ,,021 129363267,AA,012b0000000DhedAAC,Customer,www.royal-beauty-lounge.de,False,False,False,5.0,6.0,8.21492862701,49281.0,53050.0,7.02,8.5,2016-08-30,,,2016-09-13,,,2016-08-31,2016-08-30,,2016-08-31,good,Customer Import,Beauty Salon,a2Lb00000001QRTEA2,2.8,50BA4027-3F08-459C-B0A6-5C1857DB605C,Account,
Hamburg,DE,21079,Raum Hamburg,Reeseberg 30,005b0000001QEdSAAW,2014-09-02 10:47:49,EUR,001b000000bY1nEAAS,Beauty,False,2016-09-13,005b0000003ZiHVAA0,2016-09-13 13:59:46,very happy,PinkRabbit,,005b0000003ZiHVAA0,,040 69277148,A,012b0000000DhedAAC,Customer,www.pinkrabbit.eu,False,False,False,7.0,8.50000095367,7.96161556244,27680.0,30482.0,7.81,7.66250038147,2014-09-22,,,,,,2014-12-03,2014-09-13,,2014-10-03,good,Customer Import,,a2Lb00000000CDOEA2,2.8,72A883D9-0F2A-4A9E-98A9-4BBF4F980341,Account,
Rheineck,CH,9492,Sankt Gallen,Hauptstr. 67,005b00000039WmcAAE,2015-12-03 14:17:23,CHF,001b000002NK5VvAAL,Piercing & Tattoo,False,2016-09-09,005b0000003Yw8VAAS,2016-09-13 14:08:39,rather happy,Beautiful Skin,,005b0000002maf5AAA,,+41 792903425,A,012b0000000DhedAAC,,http://beautiful-skin.ch,False,False,False,1.3389121294,5.03999996185,9.16750049591,46216.0,49474.0,2.9827249527,0.715481221676,,2016-06-01,,2016-01-04,,,2015-12-22,2015-12-19,,2016-01-08,,No Customer Data,Tattoo,a2Lb00000004O1TEAU,,ABFB253F-612A-4517-A761-4F4DBA2DA2C9,Account,
Madrid,ES,28036,Area Madrid,Calle Santo Domingo de Silos 8,005b00000045JWmAAM,2016-09-13 13:09:15,EUR,001b000003Ucq1iAAB,Restaurants,False,2016-09-20,005b0000002l2LiAAI,2016-09-13 14:09:07,,NÜÜGA,,005b0000002f0jgAAA,,+34 915635338,A,012b0000000DhedAAC,,www.nuuga.es,False,False,False,,,,,,,,,,,,,,,,,,,,Spanish,,,,Account,
,ES,,,,005b0000002f0lXAAQ,2016-09-13 13:27:18,EUR,001b000003UcqBxAAJ,IT Service,False,2016-09-19,005b0000002l2LiAAI,2016-09-13 14:09:07,,comprar-tpv.com,,005b0000002f0lXAAQ,,,,012b0000000DffCAAS,,,False,False,False,,,,,,,,,,,,,,,,,,,,,,,,Account,
Seon,CH,5703,Aargau,Birren 6,005b0000001QAr5AAG,2016-09-13 13:33:11,CHF,001b000003UcqG9AAJ,Vehicles,False,2016-09-23,005b0000002l2LiAAI,2016-09-13 14:09:07,,Pneu-Huus Fokke,,005b0000003LteVAAS,,+41 627754646,A,012b0000000DhedAAC,,www.fokke.ch,False,False,False,,,,,,,,,,,,,,,,,,,,Tyre Change,,,,Account,
Düsseldorf,DE,40210,Raum Düsseldorf - Solingen,Grupellostr. 20a,005b0000003a5W4AAI,2016-09-13 13:39:25,EUR,001b000003UcqLbAAJ,Hairdresser,False,2016-09-21,005b0000002l2LiAAI,2016-09-13 14:09:07,,Rourou,,005b0000001zG6sAAE,,021 11752533,A,012b0000000DhedAAC,,www.rourou.de,False,False,False,,,,,,,,,,,,,,,,,,,,Haircut,,,,Account,
Berlin,DE,12439,Raum Berlin,Hasselwerder Str. 22,005b00000020cwaAAA,2016-09-13 13:40:30,EUR,001b000003UcqM0AAJ,Restaurants,False,2016-09-27,005b0000002l2LiAAI,2016-09-13 14:09:07,,Die Küchengeister,,005b0000002marpAAA,,03 054487859,A,012b0000000DhedAAC,,www.kuechengeister.info,False,False,False,,,,,,,,,,,,,,,,,,,,International,,,,Account,
,ES,,,,005b0000002f0lXAAQ,2016-09-13 13:42:21,EUR,001b000003UcqOnAAJ,Real Estate,False,,005b0000002l2LiAAI,2016-09-13 14:09:07,,Retail Real Estate Services,,005b0000002f0lXAAQ,,,,012b0000000DffCAAS,,,False,False,False,,,,,,,,,,,,,,,,,,,,,,,,Account,
Düsseldorf,DE,40210,Raum Ruhrgebiet,Worninger Platz 18,005b0000003a5VBAAY,2016-09-13 13:48:32,EUR,001b000003UcqS1AAJ,Beauty,False,2016-10-05,005b0000002l2LiAAI,2016-09-13 14:09:07,,Signature Hair Concept,,005b0000004CxlgAAC,,0211-363959,AA,012b0000000DhedAAC,Potential Customer,,False,False,False,,,,,,,,,,,,,,,,,,,,Beauty Salon,,,,Account,
MADRID,ES,28027,Area Madrid,"ALCALA, 265 1 1",005b0000003ANwGAAW,2016-09-13 13:51:57,EUR,001b000003UcqTYAAZ,Craft,False,2016-09-23,005b0000002l2LiAAI,2016-09-13 14:09:07,,IBERDROLA INMOBILIARIA,,005b0000003ANwGAAW,,+34 902334412,A,012b0000000DffCAAS,Potential Customer,http://residencial.iberdrolainmobiliaria.com/,False,False,False,,,,,,,,,,,,,,,,,,,,,,,,Account,
Valencia,ES,46001,Area Valencia,"En Sanz, 12 Valencia",005b0000003AK4VAAW,2016-09-13 13:55:10,EUR,001b000003UcqUqAAJ,Other,False,2016-09-13,005b0000002l2LiAAI,2016-09-13 14:09:07,,Lucia Novias,,005b0000003AK4VAAW,,,A,012b0000000DhedAAC,,http://www.lucianovias.es/,False,False,False,,,,,,,,,,,,,,,,,,,,Other,,,,Account,
Leganes,ES,28919,Area Madrid,Calle de Gabriela Mistral 10,005b00000045JWmAAM,2016-09-13 13:58:45,EUR,001b000003UcqWmAAJ,Restaurants,False,2016-09-20,005b0000002l2LiAAI,2016-09-13 14:09:07,,La Cuchara Mágica,,005b00000039tQ0AAI,,+34 916862346,A,012b0000000DhedAAC,,www.lacucharamagica.com,False,False,False,,,,,,,,,,,,,,,,,,,,National,,,,Account,
Barcelona,ES,08022,Area Barcelona,Centro de Barcelona Bertrand i Serra 12-14,005b0000003ZhfbAAC,2016-09-13 14:02:50,EUR,001b000003UcqZ7AAJ,Beauty,False,2016-09-16,005b0000002l2LiAAI,2016-09-13 14:09:07,,COS ESVELT CENTRE FISIOESTÈTIC,,005b0000004gZgwAAE,,+34 931240547,A,012b0000000DhedAAC,Potential Customer,www.cosesvelt.es,False,False,False,,,,,,,,,,,,,,,,,,,,Beauty Salon,,,,Account,
Siebnen,CH,8854,Schwyz,Bahnhofstr. 39,005b00000038MWcAAM,2016-09-13 13:28:48,CHF,001b000003UcqDFAAZ,Beauty,False,2016-10-18,005b0000002l2LiAAI,2016-09-13 14:09:12,,nail & spa GmbH,,005b0000001PYraAAG,,+41 554603350,A,012b0000000DhedAAC,,rafael.meier@franz.ch,False,False,False,,,,,,,,,,,,,,,,,,,,Beauty Salon,,,,Account,
,ES,,,,005b0000003ANwGAAW,2016-09-13 13:47:14,EUR,001b000003UcqRSAAZ,Real Estate,False,2016-09-20,005b0000002l2LiAAI,2016-09-13 14:09:12,,Q21 REAL ESTATE,,005b0000003ANwGAAW,,+34 615574858,AA,012b0000000DffCAAS,,http://q21realestate.es/,False,False,False,,,,,,,,,,,,,,,,,,,,,,,,Account,
Kreuzlingen,CH,8280,Thurgau,Döbelistr. 28,005b0000001QAr5AAG,2016-08-09 15:10:29,CHF,001b000003T4i6QAAR,Sports & Recreation,False,2016-09-13,005b00000030tDIAAY,2016-09-13 14:10:46,,Elson Sport und Fitness,,005b0000002mIjsAAE,,+41 716701066,A,012b0000000DhedAAC,Customer,www.elson.ch,False,False,False,,,,49319.0,53109.0,,,,,,,,,,,,,,,Personal Training,a2Lb00000001QcsEAE,,,Account,
Ulm,DE,89077,Raum München,Magirusstr. 45,005b00000021vXSAAY,2016-09-13 14:11:12,EUR,001b000003Ucqf8AAB,Hairdresser,False,2016-10-05,005b00000021vXSAAY,2016-09-13 14:11:15,,Friseur Uhrle in Ulm,,005b0000001eA7YAAU,,073 133188,A,012b0000000DhedAAC,,www.friseur-uhrle.de,False,False,False,,,,,,,,,,,,,,,,,,,,Haircut,,,,Account,
Bresso,IT,20091,Area Milano West,Via Vittorio Veneto angolo Ambrogio Strada,005b0000004CtuyAAC,2016-06-14 13:06:32,EUR,001b000003OaXomAAF,Hairdresser,False,2016-09-07,005b00000045aF4AAI,2016-09-13 14:12:51,very happy,Marciano Barber Shop,,005b00000045aF4AAI,,+39 0248672098,AA,012b0000000DhedAAC,,http://www.marcianobarbershop.it,False,False,False,7.0,8.50000095367,5.89585733414,48913.0,52446.0,8.18,9.10000038147,2016-06-27,,2016-07-06,2016-07-19,,,,2016-06-28,,2016-06-28,,Customer Import,Haircut,a2Lb00000027y3lEAA,,B8829ABC-6BAB-4AD8-94A7-0AF3B1279AB8,Account,
Madrid,ES,28004,Area Madrid,Calle Fuencarral 58,005b00000039tQ0AAI,2016-07-22 08:43:57,EUR,001b000003RFqZUAA1,Restaurants,False,2016-09-14,005b0000002hG2NAAU,2016-09-13 14:15:02,,Elcano Fuencarral,,005b00000039tQ0AAI,,+34 914347079,A,012b0000000DhedAAC,,www.elcano.rest,False,False,False,,,,,53430.0,,,,,,,,,,,,,,,Spanish,,,,Account,
Wien,AT,1110,Raum Wien,Lindenbauergasse 15,005b0000000vDNRAA2,2014-03-06 15:21:47,EUR,001b000000PHfqVAAT,Hairdresser,False,2014-06-26,005b0000002hG2NAAU,2016-09-13 14:20:26,rather happy,Friseur Dream Team,,005b0000001QrByAAK,,+43 69917671717,A,012b0000000DhedAAC,Customer,www.friseur-dream-team.at,False,False,False,,,,8347.0,21386.0,,,,,,,,,2014-12-03,2016-02-05,,2014-06-26,,No Customer Data,Haircut Women,,,8FC81C18-C01F-4DCF-8D95-781483582A63,Account,
,DE,,,,005b0000002hG1yAAE,2015-12-22 11:46:36,EUR,001b000002eBmJvAAK,Computer Software,False,2016-12-22,005b0000003KsCnAAK,2016-09-13 14:21:43,,SHORE,200.0,005b0000003ZiHVAA0,,+1 41788171237,,012b0000000DhedAAC,,www.shore.com,False,False,False,,,,49026.0,52624.0,,,,,,,,,,,,,,,,a2Lb0000001Yxw2EAC,,,Account,
Weilheim,DE,82362,,Am Weidenbach 7,005b0000001eA7YAAU,2015-11-11 10:28:07,EUR,001b000002C3MWbAAN,Sports & Recreation,False,2016-09-01,005b0000003jP7kAAE,2016-09-13 14:23:19,rather happy,Sportstudio Guffanti,,005b0000003jP7kAAE,,088 192704181,A,012b0000000DhedAAC,,www.sportstudio-guffanti.de,True,False,False,0.0,3.60000014305,8.57214260101,44387.0,47602.0,2.16,0.566666662693,,,,2015-12-14,,,2015-11-18,2015-11-17,,,,No Customer Data,Fitness Center,a2Lb00000004MiGEAU,,3C9632C1-5C75-40FB-80E6-1AF6D9D1DFB4,Account,
Madrid,ES,28001,Area Madrid,Calle Lagasca 7,005b00000039tQ0AAI,2016-09-13 13:37:12,EUR,001b000003UcqK4AAJ,Restaurants,False,2016-09-14,005b0000002hG2NAAU,2016-09-13 14:23:53,,Elcano Lagasca,,005b00000039tQ0AAI,,+34 911272524,A,012b0000000DhedAAC,Potential Customer,,False,False,False,,,,,53431.0,,,,,,,,,,,,,,,Spanish,,,,Account,
Valencia,ES,46011,Area Valencia,Carrer de Cristo del Grao 14,005b0000003Zd3JAAS,2016-09-13 14:23:54,EUR,001b000003UcqpIAAR,Restaurants,False,2016-09-21,005b0000003Zd3JAAS,2016-09-13 14:23:56,,Nehuen Tasca,,005b0000003AK4LAAW,,+34 960151440,A,012b0000000DhedAAC,,,False,False,False,,,,,,,,,,,,,,,,,,,,Vegetarian,,,,Account,
Barcelona,ES,08029,Area Barcelona,"Carrer Paris, 67",005b0000003A29rAAC,2016-09-13 14:24:49,EUR,001b000003UcqphAAB,Beauty,False,2016-09-15,005b0000003A29rAAC,2016-09-13 14:24:51,,Moem Estilistas,,005b0000004gZgmAAE,,+34 935394549,A,012b0000000DhedAAC,Potential Customer,,False,False,False,,,,,,,,,,,,,,,,,,,,Beauty Salon,,,,Account,
Valencia,ES,46005,Area Valencia,Joaquín Costa  39,005b0000003A29rAAC,2016-01-27 08:49:32,EUR,001b000003HTVHlAAP,Vehicles,False,2016-09-13,005b0000003Yw8VAAS,2016-09-13 14:24:47,very unhappy,Moto 2000,,005b0000002maf5AAA,,+34 963742402,A,012b0000000DhedAAC,,www.moto2000valencia.com,True,False,False,2.98360657692,9.5,6.85980796814,47673.0,50989.0,4.9359808445,2.00819683075,2016-03-18,2016-08-03,2016-03-31,2016-04-14,,,,2016-02-12,,2016-03-04,,Customer Import,Motorbike,a2Lb0000001V0ePEAS,,3C0E6B14-5BF9-455D-850B-F73CD46CDAA4,Account,
Madrid,ES,28038,Area Madrid,Calle de Dolores Folgueras 34,005b0000003A29rAAC,2016-06-08 10:28:39,EUR,001b000003OZbitAAD,Beauty,False,2016-09-15,005b0000002emPXAAY,2016-09-13 14:26:13,rather happy,Ónix Unisex Peluquería y Estética,,005b0000003LteGAAS,,+34 910173085,A,012b0000000DhedAAC,,http://onixunisex.com/,False,False,False,0.0,0.08,5.16,48793.0,52299.0,0.61,0.18,,,,2016-07-07,,,2016-06-22,2016-06-23,,2016-06-23,,No Customer Data,Beauty Salon,a2Lb00000027xX3EAI,,16AABEA0-947A-4306-9BE8-0EADB6847F2A,Account,
Hameln,DE,31785,,Schlachthofstr. 18,005b0000002hFENAA2,2015-08-17 09:56:54,EUR,001b0000019vkC6AAI,Beauty,False,2016-09-01,005b0000003jP7aAAE,2016-09-13 14:26:25,rather happy,Körper Kultur Hameln,,005b0000003jP7aAAE,,051 517832781,A,012b0000000DhedAAC,,http://www.koerper-kultur-hameln.de,False,False,False,0.0,0.360000014305,6.60961103439,38782.0,41923.0,0.94,0.425000011921,,,,2015-12-02,,,2015-11-26,2015-09-16,,2015-10-06,,No Customer Data,Anti Aging,a2Lb00000004KTxEAM,,4D96A9E6-9D4E-4552-8A55-6D9DDDE06731,Account,
Bonn,DE,53225,Raum Düsseldorf - Solingen,Rheindorfer Str. 89,005b0000003BsAfAAK,2016-06-10 12:43:35,EUR,001b000003OZyzZAAT,Beauty,False,2016-09-02,005b0000002hG2NAAU,2016-09-13 14:26:38,,"Kosmetikstudio ""Laila's Beauty Oase""",,005b0000001zG6sAAE,,022 885097201,A,012b0000000DhedAAC,,www.lailas-beauty-oase.de,False,False,False,,,,,,,,,,,,,,,,,,,,Beauty Salon,,,,Account,
,DE,,,,005b00000038AwiAAE,2016-09-09 08:34:50,EUR,001b000003UcIU6AAN,,False,2016-09-13,005b0000003NrBfAAK,2016-09-13 14:26:47,rather happy,NEW HAIR-Parent,,005b00000038AwiAAE,,,,012b0000000DhedAAC,,,False,False,False,,,,,,,,,,,,,,,,,,,,,,,,Account,
Madrid,ES,28019,Area Madrid,"Conde de Vistahermosa , 48",005b0000002f0t7AAA,2016-06-13 17:37:46,EUR,001b000003OaNL0AAN,Vehicles,False,2016-09-05,005b0000002mMOjAAM,2016-09-13 14:27:59,,JR Tintado de lunas,,005b0000003ALq6AAG,,+34 912190394,AA,012b0000000DhedAAC,,http://jrtintadodelunas.com/,False,False,False,5.0,6.0,6.22758293152,48846.0,52360.0,5.56,5.33333349228,,,,2016-07-04,,,2016-06-21,2016-06-22,,2016-06-22,,No Customer Data,Car Glass,a2Lb00000027xnxEAA,,1AFA7825-D756-469E-94CB-55ECF23AFC5E,Account,
Madrid,ES,28028,Area Madrid,Pza Manuel Becerra 19,005b00000039tQ0AAI,2016-09-13 13:44:20,EUR,001b000003UcqPqAAJ,Restaurants,False,2016-09-14,005b0000002hG2NAAU,2016-09-13 14:28:38,,Elcano Manuel Becerra,,005b00000039tQ0AAI,,+34 917047897,A,012b0000000DhedAAC,Potential Customer,www.elcano.rest,False,False,False,,,,,53432.0,,,,,,,,,,,,,,,Spanish,,,,Account,
Majadahonda,ES,28220,Area Madrid,Calle Granadilla 22,005b0000003Zd3JAAS,2016-07-19 11:52:23,EUR,001b000003RFOr1AAH,Piercing & Tattoo,False,2016-09-13,005b0000003Yw8VAAS,2016-09-13 14:26:40,,Ink and Shine Tattoo Parlour,,005b0000003ALq6AAG,,+34 912301601,A,012b0000000DhedAAC,Customer,www.inkandshine.com,False,False,False,,,,49111.0,52837.0,,,,,,,,,,,,,,No Customer Data,Tattoo,a2Lb00000027zMuEAI,,,Account,
Madrid,ES,28050,Area Madrid,"Calle Campo de la Estrella, 7",005b0000002f0jgAAA,2016-03-28 09:05:59,EUR,001b000003LF2g0AAD,Hairdresser,False,2016-09-13,005b0000003Yw8VAAS,2016-09-13 14:32:11,rather happy,Mi Pelu Las Tablas,,005b0000002maf5AAA,,+34 669897066,A,012b0000000DhedAAC,,http://www.mipelulastablas.com/,False,False,False,7.0,8.50000095367,8.92935752869,48125.0,51544.0,8.45,9.02000045776,2016-05-17,,,2016-05-12,,,2016-04-22,2016-04-13,,2016-05-19,,Customer Import,Haircut Children,a2Lb0000001V2v2EAC,,5A089696-2775-45FF-9E46-5347712652E4,Account,
Sabadell,ES,08202,,Rambla 151,005b0000003ANxTAAW,2016-08-17 10:22:46,EUR,001b000003U0Z8RAAV,Beauty,False,2016-09-08,005b00000021Tk4AAE,2016-09-13 14:34:05,,Rodelas Perruquers Sabadell,,005b0000003LDEpAAO,001b000003O18bpAAB,+34 937272926,,012b0000000DhedAAC,Customer,,False,False,False,,,,48643.0,52983.0,,,,,,,,,,,,,,,Hair Removal,a2Lb00000001QRsEAM,,,Account,
Basel,CH,4054,Basel-Stadt,Neuweilerstr. 19,005b0000000vDNRAA2,2014-02-17 16:21:13,CHF,001b000000Nx0f3AAB,Beauty,False,2016-09-12,005b00000021Tk4AAE,2016-09-13 14:36:00,very happy,Sensation Nagel und Kosmetikstudio,,005b0000001QAr5AAG,,+41 613017077,A,012b0000000DhedAAC,Customer,www.sensation-nagelkosmetik.ch,False,False,False,0.0,0.0799999982119,2.73864293098,29775.0,32622.0,2.0,4.25,,,2016-09-12,,,,,2014-11-24,,,,No Customer Data,Beauty Salon,a2Lb00000000DbaEAE,,0c6a3194-c5aa-492d-a4c5-2d14325f487b,Account,
Leipzig,DE,4107,Raum Berlin,Niederkirchnerstraße 2,005b00000020cwaAAA,2015-10-15 14:06:59,EUR,001b000001Ya7dKAAR,Sports & Recreation,False,2016-09-01,005b0000003jP7kAAE,2016-09-13 14:36:22,rather happy,EMS-for you,,005b0000003jP7kAAE,,016 33030474,A,012b0000000DhedAAC,,http://www.ems-for-you.com,False,False,False,7.0,10.0,7.59585762024,42302.0,45458.0,8.58,8.56000041962,2015-11-06,,,2015-12-04,,,2015-11-18,2015-11-01,,,,Customer Import,Fitness Center,a2Lb00000004MFSEA2,,641BD668-BDFB-4191-B095-276D260255DE,Account,
Estavayer le Lac,CH,1470,Freiburg,Grande Rue 21,005b000000391GQAAY,2016-02-29 16:59:15,CHF,001b000003JgWZXAA3,Beauty,False,2016-09-13,005b0000002NogSAAS,2016-09-13 14:36:51,rather unhappy,Institut Clémentine - Institut de Beauté et Bien-Être,,005b0000002NogSAAS,,+41 266635826,AA,012b0000000DhedAAC,,institut-clementine.ch/,False,False,False,5.66666650772,7.75,8.09585762024,48338.0,51772.0,7.52,8.13750076294,2016-06-13,,,2016-06-13,,,2016-06-01,2016-06-01,,2016-06-05,,Customer Import,Beauty Salon,a2Lb0000001Yx5uEAC,,BFA7E581-DADF-483A-BD82-F7905652443C,Account,
Rapperswil,CH,8640,Schwyz,Marktgasse 20,005b0000001zkPpAAI,2015-06-09 13:05:54,CHF,001b000000qIkXTAA0,Wellness,False,2016-09-02,005b00000021Tk4AAE,2016-09-13 14:38:06,,SETAREH,,005b0000003Nja3AAC,,+41 555567020,A,012b0000000DhedAAC,Customer,www.setareh.ch,False,False,False,0.0,0.0799999982119,6.90514278412,14704.0,52926.0,1.22,1.27499997616,,,,,,,2016-09-01,2016-09-02,,2016-09-02,,No Customer Data,Massage,a2Lb0000002SzaREAS,,2EE377AA-94C5-4423-B3B8-76959FC487B8,Account,
London,GB,TW106QX,,"Shop 2 20 Richmond Hill
Richmond Upon Thames",005b0000003ZZXUAA4,2016-08-17 09:22:28,GBP,001b000003U0Ye6AAF,,False,2016-09-13,005b0000003Yw8VAAS,2016-09-13 14:38:53,very happy,Rock 'n' Dolls Ltd,,005b0000003ZZXUAA4,001b000003MxhU1AAJ,+44 2089406555,,012b0000000DhedAAC,Customer,www.rockndolls.co.uk,False,False,False,,,,49230.0,52990.0,0.0,,2016-08-26,,,2016-09-13,,,2016-09-02,2016-08-20,,2016-08-24,,Customer Import,,a2Lb0000002T09kEAC,,0101EAF9-0C6C-4DDF-8F0B-11D0BBE7AA5B,Account,
London,GB,N1 1LX,,249 Liverpool Road,005b0000004D20fAAC,2016-05-30 07:31:57,GBP,001b000003O1dG2AAJ,Beauty,False,2016-09-13,005b0000003Yw8VAAS,2016-09-13 14:40:23,rather happy,Angel Faces,10.0,005b0000003ZZXUAA4,001b000003MxhU1AAJ,+447882532890,,012b0000000DhedAAC,Customer,http://angelfaceslondon.co.uk/,False,False,False,0.666666686535,6.0,7.97678565979,48667.0,52158.0,3.58,2.125,2016-06-09,,,2016-07-21,,,2016-06-15,2016-06-01,,2016-06-05,,Customer Import,Facial Treatment,a2Lb0000001YyLGEA0,,B57D19AB-0697-4BE6-BEA1-98F766A17123,Account,
London,GB,E1 7QX,,"85 White Chapel High Street, Aldgate East",005b0000003ZZXUAA4,2016-08-22 11:08:14,GBP,001b000003U1KtBAAV,Beauty,False,2016-09-13,005b0000003Yw8VAAS,2016-09-13 14:42:18,rather happy,Nail Lounge,,005b0000003ZZXUAA4,001b000003MxhU1AAJ,+44 2035839790,,012b0000000DhedAAC,Customer,www.naillounge.uk,False,False,False,0.0,0.580000042915,7.73864269257,49247.0,53008.0,2.31,3.40000009537,,,,,,,2016-09-02,2016-08-23,,2016-08-23,,,,a2Lb0000002T0FAEA0,,A51A4B5E-7009-4FED-873A-95D28C87072B,Account,
